0constance0,ce1ffd9b-2880-4339-9133-b375c11ed26d
123keelos,1da1530d-3810-4df5-be15-a60043f4f991
1goldenbrownie1,76d854de-8603-4f8f-b31c-ceb1216b6a5c
49erkid,d3ba559a-8e93-4ed2-9f03-289b01ee537e
_alphabetical_,7cedd4a0-b4d9-4178-871c-58f8c30b74d2
adrianramon,40bcad9f-1695-4863-831d-db72e20a22d8
adventureralexis,d3aed4b0-11b5-45b8-abd6-452a851b18d1
aldotacoschorizo,bb190c08-de84-4073-8bff-03ba03ab13a8
alf2068,38f2d013-cf77-4b4b-880d-56e370c9804b
alf20682068,21379e8b-44ad-4f93-ab25-3da62b450e87
alf206820682068,22b52ab3-b0f6-4c6e-b6da-0438c527772c
alf206820682o68,4a040600-8a81-4d61-aa29-495a92f940aa
aliceisfabulous,fd9deb76-034b-4178-88fc-02f5d07056a4
am0ng,ebaf2c17-f47d-4ca7-ba37-dd2f46eea5db
anti_almighty,36273220-8661-408e-8608-4a9779baf692
anti_nana,12e3fa06-d905-4acb-ace5-a93d97430227
astonishingguy92,5c6ed09d-f53e-40ff-822d-ef00becfcc83
atroxzy,3a73f091-04ff-4a0a-a7c3-6e75e6eace35
aurasticyt,a29d72ac-0432-4c5e-8dc1-0ad15c86983a
baloney2011,2073a983-e569-414f-a4fa-50edbee4f5c4
batasuarous,4fc38d71-d5b8-4356-bdf0-bbe681fd8a58
bearnye,5b5a4eb3-1161-459c-8e88-de9118cb8cdd
bigsock321,f6fd75f6-9105-4dea-8414-74c9791c4cd6
bite_me_skittles,990cec2a-395f-430e-a57d-4354908f5571
bluethebuster,5c88e9b5-7fae-475c-8909-84b0aa12298e
bluj_the_great,1fd572fb-1477-436a-ae75-e2b10c811949
botodd,bb867200-d91e-49f9-be83-dbf6609e5354
bradymason2004,6ac705eb-abfc-4f56-aef3-dececb0e152e
brentgamerj7,f1e0f765-c29d-422c-8cc2-3a848d53712c
brved3,4c6afda3-8672-4dca-b19b-4c1cbbe40f68
budly,05a3e791-5b79-42ba-8461-d184ca3f5cc4
bugbug791,f418fbd8-803c-44b6-8fa0-5c75c8f78a1f
bweaver923,90110f01-91fe-4d1c-bd03-3c7337347617
captnicksparrow2,5a23ba9c-7a95-45c5-952c-fc6c6176c50f
cargath,3e13c72f-152f-4be1-b561-6f623efa14e8
carlosthetacos,e93f9a09-edf5-410b-9957-8e5782836d84
cobblestone172,b926e21f-bbc8-4e15-b2fc-1d100f613e92
compliance,f8b6cb14-5c81-4514-b6b9-fb50db20fb55
cookie_kratos,4b856ca5-de4f-48ee-a533-c61c4adc4c3d
coolcrowmure,37f6876d-99af-46dd-a142-06441f06a241
coolkidshere11,f4d4b7fc-74b7-4250-b843-8e3eb6dea918
corey1248,6b718789-ab95-4931-9a53-f85ba46a0cbc
craftbandit05,cd2a72d8-c0a1-4b65-a765-2d46ac80ac67
creppervillige,6398801d-73fe-448c-9a34-fecd5f575829
crippledzombie10,114550a9-86d1-41c8-aa09-55501bbfcb7a
crippledzombie20,2cbcbcf8-b701-4613-96c7-d68598ae1ac1
cuminer,9a5b7842-246b-4081-83cc-dbff8f12a6c7
dagr8almighty,4cfa1514-c3ce-4426-8a28-067e3cdc408d
damiankr,1aa45635-c9e4-4ded-8f76-49d906fabf66
darthhorror,4d09c28d-ebce-4499-9a7a-9e367b522466
dathreeleggedman,f7ab9f14-4cf0-4a5c-bcaa-3d7457ed09cb
dave34sge,094ebf5e-dfa9-4011-9a03-df25a9a4ce0d
dediousdon,0e9ecf6d-fb5b-4101-9b71-7a393ec21173
desmodusdantre,451faa26-2237-4c09-82f4-f5de49f4903a
dezifyed,195f2eff-1c6f-4b24-8a26-3ca257899ce8
dhthekidrs,857a70f9-3227-4f7c-8834-4c6ba3d23408
dillonto,71308ac2-54f8-40ea-9a97-e21b0d31c16f
djt08,1bc920b3-e5bc-4f45-86d5-c32a871528e0
docbrown2015,c9d3f16b-092e-4af4-bfe8-1f40f4ef2f0a
dosu,620388c2-c3fb-4540-b62c-88f93c42d2c8
dragon90,9f09e13e-8b0c-432a-92a2-cf19a95b9bee
dragonking1092,b9f00b5e-1b4f-4bc9-b997-35fc933a28e8
drenderpickles,f1a0525f-4500-4fd5-8c35-1cf165d2b55b
echovision,f54c03b2-b023-4391-a48d-a30daa8fc199
edgyy,0e135cf7-1cd6-4bff-ad13-28b8a013bd94
eskimo_haz,18e4dcea-f52e-450f-8c2c-425e303da1ec
exzely,6c1e1efc-7baf-47ff-a962-5d84df774723
fadetablack,1e1d81a4-af7f-4a73-a54c-67f9c0cc97eb
fadetawhite,6b7d4528-b220-453d-9ff9-22694a28e878
firegirl33,382a387a-2afd-425c-af5e-db535b1e1ac4
firey56,a1ace5f4-7fc2-44e0-aa8c-c47bc25b9bb5
flab,b9fe4ad3-722c-4f63-981c-60cebd1fc97d
flamingarcher54,773cad5b-2a82-4780-bcd0-0dd49cdc6c86
g0dlycha0s,922a8c37-f344-42d9-b396-365408ee9d55
geckogecky,ef7f9a56-38ef-4288-a893-8088f8daf24b
george132222222,83a209b1-d184-4c90-a0a5-3e09f5582c83
georgie_girl,a3b7cbfc-018e-4bbf-9b26-8527da94043f
ghost92346,e60bd7d7-3390-4309-8f53-6e1c82a63387
gkidethebeast,291e0a05-a1f7-4874-97b8-3ce8e22345e9
godofmuff,b36061f0-c4bd-46ed-920c-cde55fbd12f7
goodnubs13,126e8613-eb81-4ab6-867d-c78c20bd138a
gumdoc2,2e54ab7d-52aa-4114-b35e-1712c5a7598f
gzzacko,d9ff56df-de77-4257-8a4a-dc20788e3d8f
hacker1702,f29c21a0-e6cd-40b2-9af4-04e977d6f544
helldude308,9d0f57a7-44e0-4d68-9ac4-f769f6386d5e
helloandgoodbye,1285f316-0b50-4d36-ae61-a02ed620c8ff
herobro,a511cfc1-7bb7-4cf2-9387-ec4c87b938d7
hockeycreeper22,9a50adcf-bf27-4390-9916-df93b42d8d7b
horny_platypus,b5573f48-9613-4f11-8e9e-5cef1e741644
htrap,6375da22-8547-45d5-9665-824752f46cbf
iam_broseidon,a01ac05c-8e4e-44c0-95a3-bf4fc44e3cdb
iamanugget42,15ab8e94-a144-44fa-b7c2-98edab1ffbc1
iambeastallday1,ae072788-794e-4220-acb7-5ab395177509
icekool594,83a37d6b-f877-4e6b-8eab-104e1651282f
iimaul,6c2400b4-5434-42ae-a91e-ad67c1615d58
iired,8f7a8e29-ac61-4d29-9d26-f97acc0e2b0e
itsaeroyt,04fe87bf-0895-45b0-921a-d8648cb4d240
itsyobi,c5d2eff7-7b84-4b26-a5a2-2c47267f65ce
itzmodnation,47936fc3-66dd-4fbf-8914-c8e344f9933c
jamamdiaxy,ae6f8a5f-b779-44b1-8b6b-8a100383182e
jmarshall1202,651c2ac9-c4ce-409d-9e79-3892925a57bb
joshua8589,d23059a2-e249-4796-9f25-aa5ab7089262
jourdon99,b52231f3-b11d-494e-9c41-ef84c69be50c
juhokko,392e0993-fef5-48b6-83fc-ea9dbda4c877
juliagracy,77b0e74e-c6cd-421b-9f28-21c71ca19fa9
kci66,e347e3c1-0011-4272-8b4a-6332ffaa56fb
keagin456,5da379e3-64b3-4c8d-825f-267b313658c0
kidboys7,64d89f4e-1713-4bac-ab42-d08c8d75441b
kneco,386732e6-d62f-4184-b7ad-dc97218e16b4
kyeharbor,368cea8e-7f20-4efb-af61-06d5cb464369
l4pisl4zuli,b0e948dc-512f-4c96-be07-503164630401
link798,d11310a1-2ced-45f8-a9ce-f3e1f6e03255
madmarshall5757,8b97df79-91e4-4a2c-b563-b57adcbcfe4b
maniax12,5d483ec9-1a9c-4c54-8832-ca1ad5395097
manmuu,845772a1-a064-46cc-b177-ec28342f232f
mastercreater24,c5dd5d3c-2504-4228-afb2-8a94702719f7
megamax600,d26cb918-60f0-462c-a5d4-db071e7fccfd
mewmmg,a66fd6d0-4043-49a9-8855-78ee8aea8340
mr_skull_man,75befd64-204e-4b95-b406-fa587a160f92
munchbumdip,c4a4251e-f0f4-4c34-bb13-7bc2c3295a7e
neonpandaz,65312bb0-6fde-414f-bcc0-b8471db67fcb
neonwanderer,900ae059-f825-4cc1-9b46-be190c0a9817
nessamac,695d082e-1b56-4963-9773-7eed7d3dd265
ninja3042,5ce872b3-2988-4020-a283-b84ed4aac9c4
nirys,21e756e7-6322-4bad-b66e-21ca40eeea70
not_slothias,76257b5f-e444-4129-8f9c-81fc74daab94
occupy,401e0771-1ca7-4d59-a234-3caa8bcbc893
ohyea777,18153d2e-f92f-4eff-9eba-069fec131b44
osamabinstrafing,35f5b823-cb93-4fe1-8521-1493064488b9
pacman9375,6882bb98-501a-4cd0-b177-b58d15afed39
parkbully,fe1936ac-8662-4a03-b9e6-bd278c4f36ba
peepingtom,b06224b4-b077-40e8-846e-a0830f90e38c
phil0831,620e8aa1-71cd-495e-a23e-2849769449cc
philipjykim,8c7d4286-8200-454b-b501-e5b04f13bf42
pickle131,b4e8abcd-6852-4472-a976-9cb291d49d99
pingas420,3f429a4f-3d4f-4308-adae-5214d7c22d89
pok3mon1,a99456fd-1c3f-4720-b19a-7a319f0e9d62
psparaco,aac19db7-b049-47b4-92ae-63817ecb3a75
pt_snow,b661f283-4da2-4ec4-9e03-631da6fd6abe
ptitjo97,f471a4aa-c13f-4a7b-bd3b-6ad76b1cdbf5
quackcocaine,3d7e397e-d834-4108-b028-9bb723a2b3a5
r10soccer,b14f9461-c41c-408f-b51e-e3f299b4884d
rapidfireman,45fc2ffb-1120-48eb-8ba5-e3b6b0f9ccd9
razterr,4eead648-aade-4550-a551-78eb6ab00dab
redbunniez,f731d636-b66b-4f73-a077-d079375e747f
redude111,e1f1053e-85a2-49ca-92f8-e237e247da26
rexgray,3379d2d1-5fd4-4842-9e92-08e1dc0056a2
rkwan1992,8b496172-0610-449f-9d2b-2bc0492e808e
robb_,c76f4ce0-c4e0-49e1-8ff8-a26f5f7f76f8
robo109,52b24e6d-d5bb-4d89-ad2c-54a39e5d1501
rubber_matt,cfcaf081-3caa-484e-92ac-15fe5213074d
rydog,2b7cc9ce-a3be-42af-b73c-4da33f6844ca
sadboys2002,57d7d75e-8e8e-4c36-9120-7421e8b437bd
savoygrill,77aea9dd-76cd-477a-8a5a-5cb16587dc43
schemes,aff4a513-1e2b-4982-8810-f0836080757e
scootis926,ad8f4bc4-fb92-4baf-a790-992b95d375e1
seeya,a537a325-4a61-48fe-a2aa-9179ec8e4ea0
sensei17763,8ba55c8a-2f5d-4f29-b35f-f45f67683bf3
sexyswagmaster,f31f935c-cce7-42cf-b7b8-f9800fd61287
shizzle,d2b94b9b-ef46-4d97-ab34-6a9bb69bd798
shmootzi,ebaf2c17-f47d-4ca7-ba37-dd2f46eea5db
silverfoxmds,614e8e05-75df-4a39-8dca-237917ea1af5
skerrum,604306d4-7ac5-489f-8c21-4a35b073fa90
slharris762,dbaf9742-dd7e-4cb2-84e6-136f7b11d941
slisher,036aed84-b878-4e9e-92f9-0474d7c07610
smexytortilla,4dc0d76c-a2bb-4842-a6a1-4701c7b6b696
sodadepressedfox,4e85ef95-dace-4771-b117-22fe84b41a2f
solarmare,71c0a725-fdbc-450a-bbc4-e53423aa7ce6
spermophobia,b1dc5332-1be6-4da4-a11b-33b6be5572a7
spicylogic,95bc256d-5e54-4a23-8084-42ffd0575c14
spotakisses,d0956d1f-ea1d-42e5-9c3a-2a0d413fe1e4
squirtgiant,6110cd4c-90d5-4fe0-bdb4-dc09c203c4f7
stewieboy3204,7af5d478-abee-45ec-8514-a0928ec760c0
sts_elite,3c09f771-5f3f-4463-add5-b12a054da90d
studcupcakeop,06b491fe-133c-4f05-b5e0-0d8263b9a1ae
studmuffinop,14ac7d7d-910f-4c92-ba88-6ae8fb4b4bda
supermonk3yboms,0acabf2e-4495-42f2-ab8e-d3aa8c2e1033
swimgirl38,c02526f9-74d1-4e55-9f48-5c175d7977fc
sydneyeng123,d2fb55fa-3ddb-4a6c-a13a-5588834e74b7
tananis,29f3d395-3fa7-4e30-b0f6-21ba1456e46a
tastytaco88,2b0af8a8-5149-44bb-94c8-ac5b099a781e
tbrooks23,2985d486-1ffe-4a1e-89db-765c5b1d6d08
tekkit_kev,815db805-97c1-41e8-bf69-f8318c49e329
teskeplays,51f0b77b-07d6-4dd3-ac3b-6da26c32ac2d
theassassinmc,14b4f893-59b5-4f1b-935c-e6c4f92e989f
thebest115,0fadb59b-239c-4f61-aa96-4f7aae87df0b
thecatalyst27810,fd05c5b9-b842-489f-84c3-6e614a01f868
thediamondgamim,2ddd821f-4312-486a-883c-ea045028f0ca
thehawkeyemc,5371e993-2d12-4942-9dda-b255c87ac8a0
thepuffinmuffin,e7bf1da4-6611-4a4d-ae82-3ef909756fc5
thewigglenator,4c9057f6-2668-4417-9f46-2aef099f78cf
tinymon1,b7042614-ca6c-4eac-a512-094188c9226b
tornado241,ab3dfd8f-056e-469a-b0f7-7f136033547c
trystonhd,83a02213-25fa-4aa3-bee6-62c2174fb7a6
tscknights,f2943fbb-b12a-4ee8-9840-dc1e44dc70cf
tsgregard21,315d47ab-902a-4e67-b4a1-5c990c610c1d
tuffbenji,37fff222-c38e-4b4d-8477-172d7cf6982f
twistedgamezhd,18a813be-249c-4a09-a18f-2f11cd2e89bb
twizillerhat,0668205c-7493-4721-a84e-b620237ec270
tyronerelniga420,435236c9-eecc-40e8-b6c3-eb848e6dee23
vikingds,dce7f882-7867-47d0-8b4a-0feee4cc0a6f
vinnieh01,d99c87df-2d9e-461a-ab71-8474432baa5e
vios,74d7f451-e11c-46b6-bb9a-0faf8167c766
vokument,ecb1079f-c965-45c7-aaa0-49ea12b2b8e8
wildharryman,a68d8dca-7f43-4ec6-b449-99a392c0d707
x_doodle_x,27609bc5-3b9d-44ac-82fc-bf32429a809b
x_kragonixia_x,5759cc9e-5e45-4d4a-a09e-1f695cef3582
xando,64655c61-9bdb-4a46-91d2-375cc63add9a
xgoldenpandax,76140ac5-9594-4aee-8bb9-066485e256f9
xgunning,1636bca9-3529-41b7-8b77-316c9c1c629b
xpenguinhd,b887c11b-b6aa-4d23-813e-39c9484e041d
xxkylethenewbxx,69e3cb18-ce2e-49d4-8480-46b96d156d8f
xxx_awesome_xxx,31eb5d61-df9e-4eac-a18b-569a1893e2a1
yolo4241,99b7eaf4-663c-4aa1-af9b-13f9d3136fa1
yugi,f540ef6a-c59b-4004-b1a8-32dc2ea98366
zachass,f7967035-1351-4f84-97ed-cebae2aa6a5f
zordlox,fecd909f-913b-47a7-bfe5-417f20b83836
zstaar,1979e12a-d4e0-41a8-82db-1ba896530944
zzghostly,4b1cfd9e-530d-406d-89fe-62ef4d8ecc5f
